<HIPQ_TABLE>
  <DATASET ADDRESS="0xFF031902">
    <DATA ID="vpss_grp" SIGNED="FALSE" BITS="32" MAX="32" />
    <DATA ID="nren" SIGNED="FALSE" BITS="32" />
    <DATA ID="iso" SIGNED="TRUE" BITS="8" />
    <DATA ID="sfc" SIGNED="FALSE" BITS="8" />
    <DATA ID="tfc" SIGNED="FALSE" BITS="8" MAX="32" />
    <DATA ID="shp_i" SIGNED="FALSE" BITS="8" MAX="127" />
    <DATA ID="sbs_i" SIGNED="FALSE" BITS="8" />
    <DATA ID="sbt_i" SIGNED="FALSE" BITS="8" MAX="64" />
    <DATA ID="sds_i" SIGNED="FALSE" BITS="8" />
    <DATA ID="sdt_i" SIGNED="FALSE" BITS="8" MAX="64" />
    <DATA ID="mdz_i" SIGNED="FALSE" BITS="8" MAX="127" />
    <DATA ID="shp_j" SIGNED="FALSE" BITS="8" MAX="127" />
    <DATA ID="sbs_j" SIGNED="FALSE" BITS="8" />
    <DATA ID="sbt_j" SIGNED="FALSE" BITS="8" MAX="64" />
    <DATA ID="sds_j" SIGNED="FALSE" BITS="8" />
    <DATA ID="sdt_j" SIGNED="FALSE" BITS="8" MAX="64" />
    <DATA ID="mdz_j" SIGNED="FALSE" BITS="8" MAX="127" />
    <DATA ID="shp_k" SIGNED="FALSE" BITS="8" MAX="64" />
    <DATA ID="sbs_k" SIGNED="FALSE" BITS="8" />
    <DATA ID="sbt_k" SIGNED="FALSE" BITS="8" MAX="64" />
    <DATA ID="sds_k" SIGNED="FALSE" BITS="8" />
    <DATA ID="sdt_k" SIGNED="FALSE" BITS="8" MAX="64" />
    <DATA ID="sbf_i" SIGNED="FALSE" BITS="2" />
    <DATA ID="sbf_j" SIGNED="FALSE" BITS="2" />
    <DATA ID="sbf_k" SIGNED="FALSE" BITS="2" />
    <DATA ID="math" SIGNED="FALSE" BITS="10" MAX="511" />
    <DATA ID="tfs_i" SIGNED="FALSE" BITS="4" />
    <DATA ID="tfs_j" SIGNED="FALSE" BITS="4" />
    <DATA ID="tfs_k" SIGNED="FALSE" BITS="4" />
    <DATA ID="psfs" SIGNED="FALSE" BITS="4" MAX="8" />
    <DATA ID="tfr_i" SIGNED="FALSE" BITS="5" />
    <DATA ID="tfr_j" SIGNED="FALSE" BITS="5" />
    <DATA ID="tfr_k" SIGNED="FALSE" BITS="5" />
    <DATA ID="post" SIGNED="FALSE" BITS="1" />
    <DATA ID="mdaf" SIGNED="FALSE" BITS="3" />
    <DATA ID="post_row" SIGNED="FALSE" BITS="5" />
    <DATA ID="matw" SIGNED="FALSE" BITS="2" />
    <DATA ID="extfthr" SIGNED="FALSE" BITS="5" />
    <DATA ID="mabw" SIGNED="FALSE" BITS="1" />
    <DATA ID="textthr" SIGNED="FALSE" BITS="8" />
    <DATA ID="mtfs" SIGNED="FALSE" BITS="8" />
  </DATASET>
  <PAGE LAYOUT="Grid" ROWDEF="22,2,22,22,22,22,22,22,22,22,22,22,22,22,22,22,22" COLDEF="70,40,40,40,5,70,40,100,22,AUTO">
    <CONTROL TYPE="Label" STRING="VPSS Grp:" LOCATION="0,0" />
    <CONTROL TYPE="Edit" BIND="vpss_grp" LOCATION="0,1" />
    <CONTROL TYPE="Label" STRING="NrEn:" LOCATION="0,2" />
    <CONTROL TYPE="Check" BIND="nren" LOCATION="0,3" />
    <CONTROL TYPE="Label" STRING="[ i ]    " LOCATION="2,1" />
    <CONTROL TYPE="Label" STRING="[ j ]    " LOCATION="2,2" />
    <CONTROL TYPE="Label" STRING="[ k ]    " LOCATION="2,3" />
    <CONTROL TYPE="Label" STRING="_F___ISO_:" LOCATION="3,0" />
    <CONTROL TYPE="Edit" BIND="iso" LOCATION="3,1" BGCOLOR="0x00BFFFFF" />
    <CONTROL TYPE="Label" STRING="_G___SBS_:" LOCATION="4,0" />
    <CONTROL TYPE="Edit" BIND="sbs_i" LOCATION="4,1" BGCOLOR="0x00BFFFFF" />
    <CONTROL TYPE="Edit" BIND="sbs_j" LOCATION="4,2" BGCOLOR="0x00BFFFFF" />
    <CONTROL TYPE="Edit" BIND="sbs_k" LOCATION="4,3" BGCOLOR="0x00BFFFFF" />
    <CONTROL TYPE="Label" STRING="_PostSFS_:" LOCATION="4,5" />
    <CONTROL TYPE="Edit" BIND="psfs" LOCATION="4,6" BGCOLOR="0x00BFFFFF" />
    <CONTROL TYPE="Label" STRING="_G___SBT_:" LOCATION="5,0" />
    <CONTROL TYPE="Edit" BIND="sbt_i" LOCATION="5,1" BGCOLOR="0x00BFFFFF" />
    <CONTROL TYPE="Edit" BIND="sbt_j" LOCATION="5,2" BGCOLOR="0x00BFFFFF" />
    <CONTROL TYPE="Edit" BIND="sbt_k" LOCATION="5,3" BGCOLOR="0x00BFFFFF" />
    <CONTROL TYPE="Label" STRING="_G___SDS_:" LOCATION="6,0" />
    <CONTROL TYPE="Edit" BIND="sds_i" LOCATION="6,1" BGCOLOR="0x00BFFFFF" />
    <CONTROL TYPE="Edit" BIND="sds_j" LOCATION="6,2" BGCOLOR="0x00BFFFFF" />
    <CONTROL TYPE="Edit" BIND="sds_k" LOCATION="6,3" BGCOLOR="0x00BFFFFF" />
    <CONTROL TYPE="Label" STRING="_G___SDT_:" LOCATION="7,0" />
    <CONTROL TYPE="Edit" BIND="sdt_i" LOCATION="7,1" BGCOLOR="0x00BFFFFF" />
    <CONTROL TYPE="Edit" BIND="sdt_j" LOCATION="7,2" BGCOLOR="0x00BFFFFF" />
    <CONTROL TYPE="Edit" BIND="sdt_k" LOCATION="7,3" BGCOLOR="0x00BFFFFF" />
    <CONTROL TYPE="Label" STRING="_G___SBF_:" LOCATION="8,0" />
    <CONTROL TYPE="Edit" BIND="sbf_i" LOCATION="8,1" BGCOLOR="0x00BFFFFF" />
    <CONTROL TYPE="Edit" BIND="sbf_j" LOCATION="8,2" BGCOLOR="0x00BFFFFF" />
    <CONTROL TYPE="Edit" BIND="sbf_k" LOCATION="8,3" BGCOLOR="0x00FFC0C0" />
    <CONTROL TYPE="Label" STRING="_G___SFC_:" LOCATION="8,5" />
    <CONTROL TYPE="Edit" BIND="sfc" LOCATION="8,6" BGCOLOR="0x00BFFFFF" />
    <CONTROL TYPE="Label" STRING="_G___SHP_:" LOCATION="9,0" />
    <CONTROL TYPE="Edit" BIND="shp_i" LOCATION="9,1" BGCOLOR="0x00BFFFFF" />
    <CONTROL TYPE="Edit" BIND="shp_j" LOCATION="9,2" BGCOLOR="0x00BFFFFF" />
    <CONTROL TYPE="Edit" BIND="shp_k" LOCATION="9,3" BGCOLOR="0x00BFFFFF" />
    <CONTROL TYPE="Label" STRING="_G___TFC_:" LOCATION="9,5" />
    <CONTROL TYPE="Edit" BIND="tfc" LOCATION="9,6" BGCOLOR="0x00BFFFFF" />
    <CONTROL TYPE="Label" STRING="_G___TFS_:" LOCATION="10,0" />
    <CONTROL TYPE="Edit" BIND="tfs_i" LOCATION="10,1" BGCOLOR="0x00BFFFFF" />
    <CONTROL TYPE="Edit" BIND="tfs_j" LOCATION="10,2" BGCOLOR="0x00BFFFFF" />
    <CONTROL TYPE="Edit" BIND="tfs_k" LOCATION="10,3" BGCOLOR="0x00BFFFFF" />
    <CONTROL TYPE="Label" STRING="_G___TFR_:" LOCATION="11,0" />
    <CONTROL TYPE="Edit" BIND="tfr_i" LOCATION="11,1" BGCOLOR="0x00BFFFFF" />
    <CONTROL TYPE="Edit" BIND="tfr_j" LOCATION="11,2" BGCOLOR="0x00BFFFFF" />
    <CONTROL TYPE="Edit" BIND="tfr_k" LOCATION="11,3" BGCOLOR="0x00FFC0C0" />
    <CONTROL TYPE="Label" STRING="_G___MDZ_:" LOCATION="12,0" />
    <CONTROL TYPE="Edit" BIND="mdz_i" LOCATION="12,1" BGCOLOR="0x00BFFFFF" />
    <CONTROL TYPE="Edit" BIND="mdz_j" LOCATION="12,2" BGCOLOR="0x00BFFFFF" />
    <CONTROL TYPE="Edit" BIND="math" LOCATION="12,3" BGCOLOR="0x00BFFFFF" />
    <CONTROL TYPE="Label" STRING="_G__Post_:" LOCATION="12,5" />
    <CONTROL TYPE="Edit" BIND="post" LOCATION="12,6" BGCOLOR="0x00BFFFFF" />
    <CONTROL TYPE="Label" STRING="_H__MABW_:" LOCATION="13,0" />
    <CONTROL TYPE="Edit" BIND="mabw" LOCATION="13,1" BGCOLOR="0x00FFC0C0" />
    <CONTROL TYPE="Label" STRING="_H__PROW_:" LOCATION="13,5" />
    <CONTROL TYPE="Edit" BIND="post_row" LOCATION="13,6" BGCOLOR="0x00FFC0C0" />
    <CONTROL TYPE="Label" STRING="_H__MATW_:" LOCATION="14,0" />
    <CONTROL TYPE="Edit" BIND="matw" LOCATION="14,1" BGCOLOR="0x00FFC0C0" />
    <CONTROL TYPE="Label" STRING="_H__MDAF_:" LOCATION="15,0" />
    <CONTROL TYPE="Edit" BIND="mdaf" LOCATION="15,1" BGCOLOR="0x00FFC0C0" />
    <CONTROL TYPE="Label" STRING="_H__TexT_:" LOCATION="15,5" />
    <CONTROL TYPE="Edit" BIND="textthr" LOCATION="15,6" BGCOLOR="0x00FFC0C0" />
    <CONTROL TYPE="Label" STRING="_H__MTFS_:" LOCATION="16,0" />
    <CONTROL TYPE="Edit" BIND="mtfs" LOCATION="16,1" BGCOLOR="0x00FFC0C0" />
    <CONTROL TYPE="Label" STRING="_H__ExtT_:" LOCATION="16,5" />
    <CONTROL TYPE="Edit" BIND="extfthr" LOCATION="16,6" BGCOLOR="0x00FFC0C0" />
    <CONTROL TYPE="Edit" LOCATION="2,8" BGCOLOR="0x00BFFFFF" />
    <CONTROL TYPE="Label" STRING="This parameter can be modified" LOCATION="2,9" ALIGN="Left" />
    <CONTROL TYPE="Edit" LOCATION="3,8" BGCOLOR="0x00FFC0C0" />
    <CONTROL TYPE="Label" STRING="Modifying of this parameter is not recommended" LOCATION="3,9" ALIGN="Left" />
  </PAGE>
</HIPQ_TABLE>
